PartnerName,HS Code,TradeValuein1000USD,TimelinessScore,RiskPremium,RAIV,Year,RAIV_Share,Economy,RiskScore
Argentina,230910,4050.742,3.1,0.06,12557.300200000001,2022,0.0001735385706759504,Argentina,0.35149384885764495
Australia,230910,1647.953,3.6,0.06,5932.6308,2022,8.198739004265583e-05,Australia,0.26773761713520755
Austria,230910,10857.428,4.3,0.05,46686.9404,2022,0.0006452011799677516,Austria,0.24906600249066
Bangladesh,230910,68.86,3.0,0.06,206.57999999999998,2022,2.854881014171966e-06,Bangladesh,0.3853564547206165
Belgium,230910,493.687,4.2,0.05,2073.4854,2022,2.8655020338961973e-05,Belgium,0.24691358024691365
Brazil,230910,50594.606,3.5,0.06,177081.12099999998,2022,0.002447214301051353,Brazil,0.3125
Cambodia,230910,63245.496,2.7,0.075,170762.83920000002,2022,0.0023598973160914916,Cambodia,0.40899795501022496
Canada,230910,374592.965,4.1,0.05,1535831.1565,2022,0.021224780761281942,Canada,0.24660912453760792
Chile,230910,54.284,3.2,0.06,173.7088,2022,2.400609715919233e-06,Chile,0.33444816053511706
Colombia,230910,9015.93,3.2,0.06,28850.976000000002,2022,0.0003987128648597689,Colombia,0.33444816053511706
Costa Rica,230910,6170.603,3.2,0.06,19745.929600000003,2022,0.0002728835294908328,Costa Rica,0.34305317324185247
Denmark,230910,164.656,4.1,0.05,675.0896,2022,9.329559889171008e-06,Denmark,0.24660912453760792
Georgia,230910,51.48,3.1,0.06,159.588,2022,2.2054639911398763e-06,Georgia,0.36697247706422015
Germany,230910,41224.703,4.1,0.05,169021.2823,2022,0.002335829459915142,Germany,0.24570024570024568
Guatemala,230910,33.3,2.6,0.075,86.58,2022,1.1965127224659154e-06,Guatemala,0.3868471953578337
Honduras,230910,954.141,3.2,0.06,3053.2512,2022,4.219512480577874e-05,Honduras,0.34843205574912883
Hungary,230910,24.92,3.6,0.06,89.712,2022,1.2397961348794433e-06,Hungary,0.30721966205837176
Iceland,230910,1362.659,3.6,0.06,4905.572400000001,2022,6.779371434023626e-05,Iceland,0.2801120448179272
Italy,230910,35391.066,3.9,0.06,138025.1574,2022,0.0019074712040824727,Italy,0.2688172043010753
Japan,230910,953.073,4.0,0.05,3812.292,2022,5.268486809603868e-05,Japan,0.25477707006369427
Lithuania,230910,80.109,3.6,0.06,288.3924,2022,3.9855067644084e-06,Lithuania,0.29239766081871343
Malaysia,230910,323.8,3.7,0.06,1198.0600000000002,2022,1.6556872629677924e-05,Malaysia,0.27586206896551724
Mexico,230910,53859.711,3.5,0.06,188508.9885,2022,0.0026051444102498378,Mexico,0.3327787021630616
Mongolia,230910,106.432,2.7,0.075,287.3664,2022,3.971327715514313e-06,Mongolia,0.40404040404040403
Netherlands,230910,39055.924,4.0,0.05,156223.696,2022,0.002158970198829378,Netherlands,0.24813895781637715
New Zealand,230910,55894.388,3.8,0.06,212398.6744,2022,0.00293529355687798,New Zealand,0.27510316368638243
Panama,230910,14.471,3.4,0.06,49.2014,2022,6.799503472295506e-07,Panama,0.3179650238473768
Paraguay,230910,4921.461,3.0,0.06,14764.383000000002,2022,0.0002040398717816988,Paraguay,0.37037037037037035
Poland,230910,2717.561,3.9,0.06,10598.4879,2022,0.00014646830227825204,Poland,0.2766251728907331
Portugal,230910,107.04,3.6,0.06,385.34400000000005,2022,5.3253522583264695e-06,Portugal,0.2936857562408223
Romania,230910,4122.767,3.6,0.06,14841.9612,2022,0.00020511198200676235,Romania,0.3058103975535168
India,230910,3019.933,3.6,0.06,10871.7588,2022,0.00015024483390830185,India,0.2949852507374632
South Africa,230910,232.791,3.8,0.06,884.6057999999999,2022,1.2225018411493867e-05,South Africa,0.2728512960436562
Spain,230910,2654.785,4.2,0.05,11150.097,2022,0.00015409139428538966,Spain,0.2554278416347382
Sweden,230910,6.088,4.2,0.05,25.5696,2022,3.5336511559672524e-07,Sweden,0.24783147459727384
Thailand,230910,936306.485,3.5,0.06,3277072.6975,2022,0.04528827875958011,Thailand,0.28449502133712656
Ukraine,230910,163.594,3.1,0.06,507.1414,2022,7.008560143095123e-06,Ukraine,0.37105751391465674
Afghanistan,392690,65.404,2.3,0.075,150.42919999999998,2022,2.078891795222565e-06,Afghanistan,0.5115089514066496
Albania,392690,32.953,2.5,0.075,82.38250000000001,2022,1.1385043815956142e-06,Albania,0.4
Algeria,392690,2.141,2.6,0.075,5.5666,2022,7.692894110509085e-08,Algeria,0.40567951318458423
Argentina,392690,1028.89,3.1,0.06,3189.559,2022,4.407886258438049e-05,Argentina,0.35149384885764495
Australia,392690,26825.738,3.6,0.06,96572.65680000001,2022,0.0013346085990244227,Australia,0.26773761713520755
Austria,392690,78274.609,4.3,0.05,336580.81869999995,2022,0.004651457977737856,Austria,0.24906600249066
Bahrain,392690,0.342,4.1,0.05,1.4022,2022,1.9378033488585198e-08,Bahrain,0.28328611898017
Bangladesh,392690,2628.328,3.0,0.06,7884.984,2022,0.00010896839538507951,Bangladesh,0.3853564547206165
Armenia,392690,11.171,2.7,0.075,30.1617,2022,4.168267241995865e-07,Armenia,0.3992015968063872
Belgium,392690,34770.868,4.2,0.05,146037.64560000002,2022,0.0020182016738203804,Belgium,0.24691358024691365
Brazil,392690,15824.478,3.5,0.06,55385.672999999995,2022,0.0007654153659833326,Brazil,0.3125
Bulgaria,392690,953.915,3.5,0.06,3338.7025,2022,4.6139986345331e-05,Bulgaria,0.3081664098613251
Belarus,392690,224.521,3.1,0.06,696.0151,2022,9.618744769905131e-06,Belarus,0.36496350364963503
Cambodia,392690,6909.991,2.7,0.075,18656.975700000003,2022,0.00025783447433341914,Cambodia,0.40899795501022496
Cameroon,392690,7.63,2.1,0.075,16.023,2022,2.214336261500504e-07,Cameroon,0.48309178743961356
Canada,392690,856471.474,4.1,0.05,3511533.0434,2022,0.04852845878710505,Canada,0.24660912453760792
Sri Lanka,392690,1303.716,3.3,0.06,4302.2627999999995,2022,5.945613508422074e-05,Sri Lanka,0.3527336860670194
Chile,392690,190.028,3.2,0.06,608.0896,2022,8.403637592968462e-06,Chile,0.33444816053511706
Colombia,392690,2967.518,3.2,0.06,9496.0576,2022,0.00013123300683378549,Colombia,0.33444816053511706
Costa Rica,392690,57194.082,3.2,0.06,183021.06240000002,2022,0.0025293027216542873,Costa Rica,0.34305317324185247
Croatia,392690,2022.011,3.2,0.06,6470.4352,2022,8.941970474348914e-05,Croatia,0.3067484662576687
Cyprus,392690,1.14,3.5,0.06,3.9899999999999998,2022,5.514074569922617e-08,Cyprus,0.3139717425431712
Benin,392690,12.169,2.7,0.075,32.856300000000005,2022,4.5406538418984594e-07,Benin,0.3546099290780142
Denmark,392690,45981.14,4.1,0.05,188522.67399999997,2022,0.0026053335402436385,Denmark,0.24660912453760792
El Salvador,392690,4251.582,3.2,0.06,13605.062400000003,2022,0.0001880183674236852,El Salvador,0.3676470588235294
Estonia,392690,2375.599,4.1,0.05,9739.955899999999,2022,0.00013460361689312722,Estonia,0.2728512960436562
Fiji,392690,15.512,2.3,0.075,35.6776,2022,4.930550047014315e-07,Fiji,0.44052863436123346
Finland,392690,17501.772,4.3,0.05,75257.6196,2022,0.001040040417115965,Finland,0.23923444976076558
Georgia,392690,440.826,3.1,0.06,1366.5606,2022,1.8885506397789962e-05,Georgia,0.36697247706422015
Germany,392690,515334.328,4.1,0.05,2112870.7447999995,2022,0.029199315397080546,Germany,0.24570024570024568
Ghana,392690,20.277,2.7,0.075,54.74790000000001,2022,7.566015116457807e-07,Ghana,0.3992015968063872
Greece,392690,2125.839,3.9,0.06,8290.7721,2022,0.0001145762797033432,Greece,0.2677376171352075
Grenada,392690,0.314,3.1,0.06,0.9734,2022,1.3452130792888913e-08,Grenada,0.38387715930902105
Guatemala,392690,1677.736,2.6,0.075,4362.113600000001,2022,6.0283257325497755e-05,Guatemala,0.3868471953578337
Guinea,392690,0.475,2.5,0.075,1.1875,2022,1.6410936220007792e-08,Guinea,0.40241448692152915
Guyana,392690,5.929,2.6,0.075,15.415400000000002,2022,2.1303675469971212e-07,Guyana,0.41841004184100417
Honduras,392690,14065.971,3.2,0.06,45011.1072,2022,0.0006220416079588492,Honduras,0.34843205574912883
Hong Kong,392690,15577.585,4.1,0.05,63868.09849999999,2022,0.0008826402450329896,Hong Kong,0.24844720496894407
Hungary,392690,28692.19,3.6,0.06,103291.88399999999,2022,0.0014274665434681627,Hungary,0.30721966205837176
Iceland,392690,185.329,3.6,0.06,667.1844000000001,2022,9.22031211400772e-06,Iceland,0.2801120448179272
Indonesia,392690,9631.991,3.3,0.06,31785.5703,2022,0.0004392681826609464,Indonesia,0.3316749585406302
Iraq,392690,3.075,3.0,0.06,9.225000000000001,2022,1.2748706242490264e-07,Iraq,0.4065040650406504
Israel,392690,265202.787,3.8,0.06,1007770.5906,2022,0.013927123273040996,Israel,0.2728512960436562
Italy,392690,192904.384,3.9,0.06,752327.0976,2022,0.01039696169709236,Italy,0.2688172043010753
Jamaica,392690,20.68,2.9,0.075,59.971999999999994,2022,8.287971932516271e-07,Jamaica,0.38910505836575876
Japan,392690,394817.192,4.0,0.05,1579268.768,2022,0.021825077074440657,Japan,0.25477707006369427
Kazakhstan,392690,87.805,2.9,0.075,254.6345,2022,3.518981506453536e-06,Kazakhstan,0.36968576709796674
Kuwait,392690,2.67,2.8,0.075,7.475999999999999,2022,1.0331634457328693e-07,Kuwait,0.3194888178913738
Latvia,392690,238.331,4.0,0.05,953.324,2022,1.317468577768649e-05,Latvia,0.2805049088359046
Lithuania,392690,406.979,3.6,0.06,1465.1244,2022,2.02476320697071e-05,Lithuania,0.29239766081871343
Madagascar,392690,104.762,2.6,0.075,272.38120000000004,2022,3.764236211140368e-06,Madagascar,0.4434589800443459
Malaysia,392690,51996.898,3.7,0.06,192388.52260000003,2022,0.0026587585464001077,Malaysia,0.27586206896551724
Malta,392690,3400.508,3.2,0.06,10881.6256,2022,0.00015038119047714021,Malta,0.29985007496251875
Mauritania,392690,4.056,2.8,0.075,11.3568,2022,1.569479751270606e-07,Mauritania,0.4175365344467641
Mauritius,392690,56.846,3.1,0.06,176.2226,2022,2.4353497676833222e-06,Mauritius,0.3838771593090211
Mexico,392690,1659498.931,3.5,0.06,5808246.2585,2022,0.08026842854597253,Mexico,0.3327787021630616
Mongolia,392690,11.663,2.7,0.075,31.4901,2022,4.3518486118877253e-07,Mongolia,0.40404040404040403
Montenegro,392690,0.498,3.2,0.06,1.5936000000000001,2022,2.2023130913856352e-08,Montenegro,0.34662045060658575
Oman,392690,4.968,3.1,0.06,15.4008,2022,2.1283498655755453e-07,Oman,0.3048780487804878
Namibia,392690,1.45,2.9,0.075,4.205,2022,5.811198888853285e-08,Namibia,0.3484320557491289
Netherlands,392690,75979.364,4.0,0.05,303917.456,2022,0.004200058936053073,Netherlands,0.24813895781637715
New Zealand,392690,9173.564,3.8,0.06,34859.5432,2022,0.00048174967588531057,New Zealand,0.27510316368638243
Nicaragua,392690,184.567,2.9,0.075,535.2443,2022,7.396934795303339e-06,Nicaragua,0.39840637450199207
Nigeria,392690,6.934,3.1,0.06,21.4954,2022,2.97060748146152e-07,Nigeria,0.38167938931297707
Panama,392690,7803.829,3.4,0.06,26533.0186,2022,0.0003666793060790572,Panama,0.3179650238473768
Paraguay,392690,72.237,3.0,0.06,216.71099999999998,2022,2.994888757199249e-06,Paraguay,0.37037037037037035
Peru,392690,207.028,3.4,0.06,703.8951999999999,2022,9.727645669700738e-06,Peru,0.333889816360601
Philippines,392690,14482.828,3.9,0.06,56483.0292,2022,0.000780580538706558,Philippines,0.3003003003003003
Poland,392690,60176.021,3.9,0.06,234686.48189999998,2022,0.0032433051672917158,Poland,0.2766251728907331
Portugal,392690,8580.515,3.6,0.06,30889.854,2022,0.00042688962007524426,Portugal,0.2936857562408223
Qatar,392690,2.994,3.5,0.06,10.479000000000001,2022,1.4481701107323087e-07,Qatar,0.2857142857142857
Romania,392690,3761.368,3.6,0.06,13540.9248,2022,0.00018713200273913412,Romania,0.3058103975535168
Saudi Arabia,392690,1427.043,3.6,0.06,5137.3548,2022,7.099688586303233e-05,Saudi Arabia,0.2936857562408223
India,392690,94138.432,3.6,0.06,338898.3552,2022,0.0046834857197917855,India,0.2949852507374632
Singapore,392690,44844.526,4.3,0.05,192831.4618,2022,0.0026648798491037207,Singapore,0.2317497103128621
Slovenia,392690,6359.355,3.3,0.06,20985.871499999997,2022,0.0002900191989118141,Slovenia,0.3003003003003003
South Africa,392690,23281.178,3.8,0.06,88468.4764,2022,0.0012226109673108753,South Africa,0.2728512960436562
Zimbabwe,392690,0.765,2.8,0.075,2.142,2022,2.9601874006952998e-08,Zimbabwe,0.3976143141153082
Spain,392690,72281.689,4.2,0.05,303583.09380000003,2022,0.004195438138799531,Spain,0.2554278416347382
Sweden,392690,45917.669,4.2,0.05,192854.2098,2022,0.0026651942204528856,Sweden,0.24783147459727384
Thailand,392690,274099.302,3.5,0.06,959347.557,2022,0.013257929743787191,Thailand,0.28449502133712656
Ukraine,392690,2342.494,3.1,0.06,7261.731400000001,2022,0.00010035520913871822,Ukraine,0.37105751391465674
Egypt,392690,2587.828,3.6,0.06,9316.1808,2022,0.00012874715698767256,Egypt,0.3205128205128205
Uruguay,392690,5.676,3.2,0.06,18.1632,2022,2.510106246326278e-07,Uruguay,0.3327787021630616
Uzbekistan,392690,32.893,2.8,0.075,92.1004,2022,1.2728031917786994e-06,Uzbekistan,0.3861003861003861
Albania,420100,0.352,2.5,0.075,0.8799999999999999,2022,1.2161367472511035e-08,Albania,0.4
Argentina,420100,1372.305,3.1,0.06,4254.1455000000005,2022,5.879116671253319e-05,Argentina,0.35149384885764495
Australia,420100,437.278,3.6,0.06,1574.2008,2022,2.175503909581915e-05,Australia,0.26773761713520755
Austria,420100,81.598,4.3,0.05,350.8714,2022,4.8489500352209195e-06,Austria,0.24906600249066
Bangladesh,420100,721.548,3.0,0.06,2164.6440000000002,2022,2.9914808103597936e-05,Bangladesh,0.3853564547206165
Belgium,420100,1541.654,4.2,0.05,6474.946800000001,2022,8.9482053863363e-05,Belgium,0.24691358024691365
Brazil,420100,1559.821,3.5,0.06,5459.3735,2022,7.544709920816901e-05,Brazil,0.3125
Bulgaria,420100,82.569,3.5,0.06,288.99150000000003,2022,3.993786168104743e-06,Bulgaria,0.3081664098613251
Belarus,420100,30.304,3.1,0.06,93.94239999999999,2022,1.2982591450563872e-06,Belarus,0.36496350364963503
Cambodia,420100,62937.542,2.7,0.075,169931.3634,2022,0.0023484065402411504,Cambodia,0.40899795501022496
Canada,420100,9338.033,4.1,0.05,38285.9353,2022,0.0005291015093319114,Canada,0.24660912453760792
Sri Lanka,420100,139.286,3.3,0.06,459.6438,2022,6.352155861660646e-06,Sri Lanka,0.3527336860670194
Chile,420100,5.74,3.2,0.06,18.368000000000002,2022,2.538409065171395e-07,Chile,0.33444816053511706
Colombia,420100,1127.002,3.2,0.06,3606.4064,2022,4.983958350638139e-05,Colombia,0.33444816053511706
Denmark,420100,3387.87,4.1,0.05,13890.266999999998,2022,0.00019195981963442436,Denmark,0.24660912453760792
El Salvador,420100,369.366,3.2,0.06,1181.9712,2022,1.6334529664914586e-05,El Salvador,0.3676470588235294
Estonia,420100,3.145,4.1,0.05,12.894499999999999,2022,1.781985828116972e-07,Estonia,0.2728512960436562
Fiji,420100,0.717,2.3,0.075,1.6490999999999998,2022,2.2790126248770395e-08,Fiji,0.44052863436123346
Finland,420100,147.431,4.3,0.05,633.9533,2022,8.761067092853444e-06,Finland,0.23923444976076558
Georgia,420100,1.718,3.1,0.06,5.3258,2022,7.360114873306736e-08,Georgia,0.36697247706422015
Germany,420100,25424.838,4.1,0.05,104241.83579999999,2022,0.001440594626332905,Germany,0.24570024570024568
Ghana,420100,0.347,2.7,0.075,0.9369,2022,1.2947710437494989e-08,Ghana,0.3992015968063872
Guatemala,420100,1548.557,2.6,0.075,4026.2482,2022,5.5641686245154674e-05,Guatemala,0.3868471953578337
Guinea,420100,0.843,2.5,0.075,2.1075,2022,2.912509312308751e-08,Guinea,0.40241448692152915
Hong Kong,420100,331.573,4.1,0.05,1359.4492999999998,2022,1.878723011084988e-05,Hong Kong,0.24844720496894407
Hungary,420100,978.181,3.6,0.06,3521.4516000000003,2022,4.866553061847949e-05,Hungary,0.30721966205837176
Iceland,420100,3.829,3.6,0.06,13.784400000000002,2022,1.9049676566827404e-07,Iceland,0.2801120448179272
Indonesia,420100,1421.995,3.3,0.06,4692.5835,2022,6.485026402152498e-05,Indonesia,0.3316749585406302
Israel,420100,115.013,3.8,0.06,437.0494,2022,6.039907223909619e-06,Israel,0.2728512960436562
Italy,420100,6878.186,3.9,0.06,26824.925399999996,2022,0.0003707133809228353,Italy,0.2688172043010753
Jamaica,420100,3.495,2.9,0.075,10.1355,2022,1.400699318382223e-07,Jamaica,0.38910505836575876
Japan,420100,1069.881,4.0,0.05,4279.524,2022,5.914189087662537e-05,Japan,0.25477707006369427
Latvia,420100,15.288,4.0,0.05,61.152,2022,8.451044814534033e-07,Latvia,0.2805049088359046
Lithuania,420100,53.658,3.6,0.06,193.1688,2022,2.6695417738908976e-06,Lithuania,0.29239766081871343
Malaysia,420100,140.306,3.7,0.06,519.1322,2022,7.174269830696697e-06,Malaysia,0.27586206896551724
Mexico,420100,26864.012,3.5,0.06,94024.042,2022,0.0012993874159236494,Mexico,0.3327787021630616
Mongolia,420100,0.339,2.7,0.075,0.9153000000000001,2022,1.2649204144987902e-08,Mongolia,0.40404040404040403
Netherlands,420100,967.735,4.0,0.05,3870.94,2022,5.349536795913849e-05,Netherlands,0.24813895781637715
New Zealand,420100,33.512,3.8,0.06,127.34559999999999,2022,1.7598825427356833e-06,New Zealand,0.27510316368638243
Nicaragua,420100,226.828,2.9,0.075,657.8012,2022,9.090638769384917e-06,Nicaragua,0.39840637450199207
Paraguay,420100,1448.957,3.0,0.06,4346.871,2022,6.0072608621138096e-05,Paraguay,0.37037037037037035
Peru,420100,541.811,3.4,0.06,1842.1574,2022,2.5458128504097163e-05,Peru,0.333889816360601
Philippines,420100,559.109,3.9,0.06,2180.5251000000003,2022,3.0134280709243044e-05,Philippines,0.3003003003003003
Poland,420100,806.59,3.9,0.06,3145.701,2022,4.347275661323346e-05,Poland,0.2766251728907331
Portugal,420100,123.685,3.6,0.06,445.266,2022,6.153458464789886e-06,Portugal,0.2936857562408223
Romania,420100,134.258,3.6,0.06,483.32880000000006,2022,6.6794763032361285e-06,Romania,0.3058103975535168
Saudi Arabia,420100,43.888,3.6,0.06,157.9968,2022,2.1834740275918544e-06,Saudi Arabia,0.2936857562408223
India,420100,78251.431,3.6,0.06,281705.1516,2022,0.003893090758530716,India,0.2949852507374632
Slovenia,420100,1.133,3.3,0.06,3.7388999999999997,2022,5.1670610048831265e-08,Slovenia,0.3003003003003003
South Africa,420100,56.393,3.8,0.06,214.2934,2022,2.9614781640156777e-06,South Africa,0.2728512960436562
Spain,420100,1501.324,4.2,0.05,6305.5608,2022,8.714118410120531e-05,Spain,0.2554278416347382
Sweden,420100,135.431,4.2,0.05,568.8102000000001,2022,7.860806663991476e-06,Sweden,0.24783147459727384
Thailand,420100,964.021,3.5,0.06,3374.0735,2022,4.662880421904712e-05,Thailand,0.28449502133712656
Ukraine,420100,1288.313,3.1,0.06,3993.7703000000006,2022,5.519285024897801e-05,Ukraine,0.37105751391465674
Argentina,230910,4167.734,3.1,0.06,12188.65603773585,2023,0.00016844400576243864,Argentina,0.35149384885764495
Australia,230910,3811.696,3.6,0.06,12945.382641509434,2023,0.00017890176747234297,Australia,0.26773761713520755
Austria,230910,8793.283,4.3,0.05,36010.58752380952,2023,0.00049765680429326,Austria,0.24906600249066
Bangladesh,230910,138.27,3.0,0.06,391.33018867924534,2023,5.408079804108387e-06,Bangladesh,0.3853564547206165
Belgium,230910,339.995,4.2,0.05,1359.98,2023,1.8794564244619953e-05,Belgium,0.24691358024691365
Brazil,230910,24094.154,3.5,0.06,79556.16886792451,2023,0.0010994452321681505,Brazil,0.3125
Cambodia,230910,64746.856,2.7,0.075,162620.01041860465,2023,0.002247365573959346,Cambodia,0.40899795501022496
Canada,230910,407004.64,4.1,0.05,1589256.2133333331,2023,0.021963100929906883,Canada,0.24660912453760792
Chile,230910,56.278,3.2,0.06,169.8958490566038,2023,2.3479157413995753e-06,Chile,0.33444816053511706
Colombia,230910,13740.851,3.2,0.06,41481.814339622644,2023,0.0005732677131938962,Colombia,0.33444816053511706
Costa Rica,230910,11586.344,3.2,0.06,34977.64226415094,2023,0.0004833817737458779,Costa Rica,0.34305317324185247
Denmark,230910,203.628,4.1,0.05,795.118857142857,2023,1.0988332506860557e-05,Denmark,0.24660912453760792
Germany,230910,56266.181,4.1,0.05,219706.04009523807,2023,0.0030362794199186747,Germany,0.24570024570024568
Guatemala,230910,165.544,2.6,0.075,400.3854883720931,2023,5.53322165312934e-06,Guatemala,0.3868471953578337
Honduras,230910,1318.288,3.2,0.06,3979.737358490566,2023,5.4998918705322914e-05,Honduras,0.34843205574912883
Hungary,230910,3.942,3.6,0.06,13.387924528301886,2023,1.8501757941241275e-07,Hungary,0.30721966205837176
Iceland,230910,1796.153,3.6,0.06,6100.142264150943,2023,8.430235421469899e-05,Iceland,0.2801120448179272
Italy,230910,17622.086,3.9,0.06,64835.97679245283,2023,0.0008960160672866094,Italy,0.2688172043010753
Japan,230910,504.831,4.0,0.05,1923.1657142857143,2023,2.6577642002230386e-05,Japan,0.25477707006369427
Lithuania,230910,357.82,3.6,0.06,1215.2377358490567,2023,1.6794264400139405e-05,Lithuania,0.29239766081871343
Mexico,230910,64982.472,3.5,0.06,214564.76603773583,2023,0.0029652283709525698,Mexico,0.3327787021630616
Mongolia,230910,52.645,2.7,0.075,132.2246511627907,2023,1.8273097405855471e-06,Mongolia,0.40404040404040403
Netherlands,230910,16915.515,4.0,0.05,64440.057142857135,2023,0.0008905445623453355,Netherlands,0.24813895781637715
New Zealand,230910,59649.708,3.8,0.06,213838.57584905656,2023,0.0029551926144304554,New Zealand,0.27510316368638243
Panama,230910,11.83,3.4,0.06,37.945283018867926,2023,5.243937848191883e-07,Panama,0.3179650238473768
Paraguay,230910,2528.378,3.0,0.06,7155.78679245283,2023,9.889108265677265e-05,Paraguay,0.37037037037037035
Peru,230910,68.311,3.4,0.06,219.11075471698115,2023,3.0280527332868623e-06,Peru,0.333889816360601
Philippines,230910,96.008,3.9,0.06,353.23698113207547,2023,4.881641741395019e-06,Philippines,0.3003003003003003
Poland,230910,6884.521,3.9,0.06,25329.841415094335,2023,0.00035005171530612633,Poland,0.2766251728907331
Portugal,230910,67.756,3.6,0.06,230.11471698113206,2023,3.1801245841368438e-06,Portugal,0.2936857562408223
Romania,230910,3482.181,3.6,0.06,11826.275094339622,2023,0.00016343599687871507,Romania,0.3058103975535168
India,230910,3658.662,3.6,0.06,12425.644528301886,2023,0.00017171912408122191,India,0.2949852507374632
South Africa,230910,502.489,3.8,0.06,1801.3756603773581,2023,2.489453563850715e-05,South Africa,0.2728512960436562
Spain,230910,7573.386,4.2,0.05,30293.544,2023,0.000418648773441684,Spain,0.2554278416347382
Sweden,230910,4.68,4.2,0.05,18.72,2023,2.5870545350614384e-07,Sweden,0.24783147459727384
Thailand,230910,598159.09,3.5,0.06,1975053.5990566036,2023,0.02729471885912822,Thailand,0.28449502133712656
Ukraine,230910,674.036,3.1,0.06,1971.2373584905658,2023,2.724197942289289e-05,Ukraine,0.37105751391465674
Afghanistan,392690,19.785,2.3,0.075,42.3306976744186,2023,5.849990565754239e-07,Afghanistan,0.5115089514066496
Albania,392690,163.561,2.5,0.075,380.3744186046512,2023,5.25667395658398e-06,Albania,0.4
Argentina,392690,1671.586,3.1,0.06,4888.600566037736,2023,6.75591680794436e-05,Argentina,0.35149384885764495
Australia,392690,18769.562,3.6,0.06,63745.68226415094,2023,0.0008809484850003056,Australia,0.26773761713520755
Austria,392690,79408.983,4.3,0.05,325198.69228571426,2023,0.004494159998257512,Austria,0.24906600249066
Bahrain,392690,16.373,4.1,0.05,63.93266666666666,2023,8.835325600351029e-07,Bahrain,0.28328611898017
Bangladesh,392690,2046.608,3.0,0.06,5792.286792452829,2023,8.004787294226264e-05,Bangladesh,0.3853564547206165
Armenia,392690,16.122,2.7,0.075,40.49246511627907,2023,5.595951683487546e-07,Armenia,0.3992015968063872
Belgium,392690,31044.674,4.2,0.05,124178.696,2023,0.0017161167662650412,Belgium,0.24691358024691365
Bolivia,392690,8.318,2.4,0.075,18.57041860465116,2023,2.5663827814718e-07,Bolivia,0.41928721174004197
Botswana,392690,0.295,3.3,0.06,0.9183962264150942,2023,1.269199317591069e-08,Botswana,0.3174603174603175
Brazil,392690,18551.107,3.5,0.06,61253.655188679244,2023,0.0008465093293000121,Brazil,0.3125
Bulgaria,392690,1095.253,3.5,0.06,3616.4014150943394,2023,4.997771197394453e-05,Bulgaria,0.3081664098613251
Belarus,392690,61.561,3.1,0.06,180.03688679245283,2023,2.4880622032839633e-06,Belarus,0.36496350364963503
Cambodia,392690,15641.768,2.7,0.075,39286.301023255815,2023,0.0005429262992948867,Cambodia,0.40899795501022496
Cameroon,392690,24.77,2.1,0.075,48.38790697674419,2023,6.687080886021212e-07,Cameroon,0.48309178743961356
Canada,392690,822593.947,4.1,0.05,3212033.507333333,2023,0.04438945433715811,Canada,0.24660912453760792
Sri Lanka,392690,875.01,3.3,0.06,2724.0877358490566,2023,3.7646172707978356e-05,Sri Lanka,0.3527336860670194
Chile,392690,104.601,3.2,0.06,315.7766037735849,2023,4.363949224672819e-06,Chile,0.33444816053511706
Colombia,392690,10797.753,3.2,0.06,32596.990188679243,2023,0.000450481791116324,Colombia,0.33444816053511706
Costa Rica,392690,59104.004,3.2,0.06,178427.18188679244,2023,0.0024658165068293728,Costa Rica,0.34305317324185247
Croatia,392690,471.991,3.2,0.06,1424.8784905660377,2023,1.969144423573913e-05,Croatia,0.3067484662576687
Cyprus,392690,31.564,3.5,0.06,104.22075471698113,2023,1.4403032913359608e-06,Cyprus,0.3139717425431712
Denmark,392690,39972.603,4.1,0.05,156083.49742857143,2023,0.002157032691617714,Denmark,0.24660912453760792
El Salvador,392690,2909.38,3.2,0.06,8783.033962264151,2023,0.0001213792085666352,El Salvador,0.3676470588235294
Estonia,392690,2341.28,4.1,0.05,9142.140952380953,2023,0.00012634197228113272,Estonia,0.2728512960436562
Fiji,392690,0.846,2.3,0.075,1.8100465116279068,2023,2.5014364511640562e-08,Fiji,0.44052863436123346
Finland,392690,16400.563,4.3,0.05,67164.21038095237,2023,0.000928191640277048,Finland,0.23923444976076558
Djibouti,392690,0.542,3.6,0.06,1.8407547169811322,2023,2.5438743795415455e-08,Djibouti,0.3527336860670194
Georgia,392690,495.825,3.1,0.06,1450.0542452830189,2023,2.0039366513592553e-05,Georgia,0.36697247706422015
Germany,392690,481419.251,4.1,0.05,1879827.5515238093,2023,0.025978720044354225,Germany,0.24570024570024568
Ghana,392690,16.647,2.7,0.075,41.811069767441865,2023,5.778179362052921e-07,Ghana,0.3992015968063872
Greece,392690,1030.725,3.9,0.06,3792.290094339622,2023,5.240844704503147e-05,Greece,0.2677376171352075
Grenada,392690,3.264,3.1,0.06,9.54566037735849,2023,1.3191850411005108e-07,Grenada,0.38387715930902105
Guatemala,392690,1876.046,2.6,0.075,4537.413581395349,2023,6.270585674785364e-05,Guatemala,0.3868471953578337
Guyana,392690,12.076,2.6,0.075,29.207069767441865,2023,4.036339866331e-07,Guyana,0.41841004184100417
Haiti,392690,1.101,2.5,0.075,2.5604651162790697,2023,3.538495134047212e-08,Haiti,0.4608294930875576
Honduras,392690,9328.078,3.2,0.06,28160.235471698114,2023,0.0003891670132770011,Honduras,0.34843205574912883
Hong Kong,392690,12241.511,4.1,0.05,47800.185809523806,2023,0.0006605859373680983,Hong Kong,0.24844720496894407
Hungary,392690,26164.54,3.6,0.06,88860.70188679246,2023,0.0012280314198983386,Hungary,0.30721966205837176
Iceland,392690,125.74,3.6,0.06,427.04150943396223,2023,5.901600820729776e-06,Iceland,0.2801120448179272
Indonesia,392690,12844.861,3.3,0.06,39988.718207547165,2023,0.0005526335191780385,Indonesia,0.3316749585406302
Iraq,392690,0.708,3.0,0.06,2.00377358490566,2023,2.7691621474714234e-08,Iraq,0.4065040650406504
Israel,392690,254283.326,3.8,0.06,911581.7347169811,2023,0.012597818701275316,Israel,0.2728512960436562
Italy,392690,168964.946,3.9,0.06,621663.4805660377,2023,0.008591225035686146,Italy,0.2688172043010753
Jamaica,392690,3.609,2.9,0.075,9.735906976744186,2023,1.345476618436023e-07,Jamaica,0.38910505836575876
Japan,392690,323870.871,4.0,0.05,1233793.7942857142,2023,0.017050704224559385,Japan,0.25477707006369427
Kazakhstan,392690,32.616,2.9,0.075,87.98734883720931,2023,1.2159619115242262e-06,Kazakhstan,0.36968576709796674
Kuwait,392690,0.728,2.8,0.075,1.8961860465116278,2023,2.6204790122586146e-08,Kuwait,0.3194888178913738
Latvia,392690,285.769,4.0,0.05,1088.6438095238095,2023,1.5044769788969725e-05,Latvia,0.2805049088359046
Lithuania,392690,438.015,3.6,0.06,1487.5981132075472,2023,2.0558212847876198e-05,Lithuania,0.29239766081871343
Madagascar,392690,73.779,2.6,0.075,178.44223255813955,2023,2.466024503130464e-06,Madagascar,0.4434589800443459
Malaysia,392690,40768.533,3.7,0.06,142305.25669811323,2023,0.0019666210454270085,Malaysia,0.27586206896551724
Mali,392690,2.858,3.1,0.06,8.358301886792452,2023,1.1550952351302881e-07,Mali,0.3795066413662239
Malta,392690,4450.069,3.2,0.06,13434.170566037737,2023,0.00018565668743406423,Malta,0.29985007496251875
Mauritania,392690,2.944,2.8,0.075,7.668093023255814,2023,1.059710193968319e-07,Mauritania,0.4175365344467641
Mauritius,392690,34.13,3.1,0.06,99.81415094339623,2023,1.3794051915674155e-06,Mauritius,0.3838771593090211
Mexico,392690,1648181.517,3.5,0.06,5442108.782547169,2023,0.07520850537492703,Mexico,0.3327787021630616
Montenegro,392690,24.409,3.2,0.06,73.68754716981132,2023,1.018342431000075e-06,Montenegro,0.34662045060658575
Oman,392690,15.853,3.1,0.06,46.36254716981132,2023,6.407181512428432e-07,Oman,0.3048780487804878
Namibia,392690,1.037,2.9,0.075,2.797488372093023,2023,3.866055010579539e-08,Namibia,0.3484320557491289
Netherlands,392690,66439.342,4.0,0.05,253102.25523809524,2023,0.0034978062887179064,Netherlands,0.24813895781637715
New Zealand,392690,5821.57,3.8,0.06,20869.779245283014,2023,0.00028841483462735314,New Zealand,0.27510316368638243
Nicaragua,392690,169.02,2.9,0.075,455.96093023255816,2023,6.301259574620576e-06,Nicaragua,0.39840637450199207
Nigeria,392690,11.127,3.1,0.06,32.54122641509434,2023,4.497111505001651e-07,Nigeria,0.38167938931297707
Panama,392690,7185.748,3.4,0.06,23048.625660377355,2023,0.0003185259163547686,Panama,0.3179650238473768
Peru,392690,277.166,3.4,0.06,889.0230188679244,2023,1.2286063209061297e-05,Peru,0.333889816360601
Philippines,392690,16500.422,3.9,0.06,60709.099811320746,2023,0.0008389837178759341,Philippines,0.3003003003003003
Poland,392690,54540.978,3.9,0.06,200669.63603773582,2023,0.002773201345943124,Poland,0.2766251728907331
Portugal,392690,8331.571,3.6,0.06,28295.901509433963,2023,0.0003910418820706888,Portugal,0.2936857562408223
Qatar,392690,4.3,3.5,0.06,14.198113207547168,2023,1.9621417287874258e-07,Qatar,0.2857142857142857
Romania,392690,3827.426,3.6,0.06,12998.805283018866,2023,0.00017964005426182985,Romania,0.3058103975535168
Saudi Arabia,392690,1374.233,3.6,0.06,4667.20641509434,2023,6.449955941366267e-05,Saudi Arabia,0.2936857562408223
India,392690,71149.66,3.6,0.06,241640.35471698112,2023,0.003339405852160367,India,0.2949852507374632
Singapore,392690,34844.319,4.3,0.05,142695.78257142857,2023,0.0019720180098053166,Singapore,0.2317497103128621
Slovenia,392690,8892.35,3.3,0.06,27683.73113207547,2023,0.00038258184921291337,Slovenia,0.3003003003003003
South Africa,392690,17531.037,3.8,0.06,62847.113773584904,2023,0.0008685305058946316,South Africa,0.2728512960436562
Spain,392690,75640.119,4.2,0.05,302560.476,2023,0.0041813058310157455,Spain,0.2554278416347382
Sweden,392690,42048.391,4.2,0.05,168193.564,2023,0.0023243906117219357,Sweden,0.24783147459727384
Thailand,392690,161430.592,3.5,0.06,533025.5396226415,2023,0.007366272113164131,Thailand,0.28449502133712656
Ukraine,392690,1049.669,3.1,0.06,3069.786698113208,2023,4.242364102043298e-05,Ukraine,0.37105751391465674
Egypt,392690,1634.646,3.6,0.06,5551.627924528301,2023,7.672203097823005e-05,Egypt,0.3205128205128205
Uruguay,392690,16.519,3.2,0.06,49.86867924528301,2023,6.89171970080308e-07,Uruguay,0.3327787021630616
Uzbekistan,392690,29.524,2.8,0.075,76.89972093023256,2023,1.0627338235978481e-06,Uzbekistan,0.3861003861003861
Argentina,420100,1216.547,3.1,0.06,3557.826132075472,2023,4.916821704030955e-05,Argentina,0.35149384885764495
Australia,420100,242.434,3.6,0.06,823.3607547169811,2023,1.1378628068815037e-05,Australia,0.26773761713520755
Austria,420100,96.887,4.3,0.05,396.7753333333333,2023,5.483330264425822e-06,Austria,0.24906600249066
Bangladesh,420100,386.899,3.0,0.06,1094.9971698113209,2023,1.5132571549358002e-05,Bangladesh,0.3853564547206165
Belgium,420100,1042.456,4.2,0.05,4169.824,2023,5.7625865863290746e-05,Belgium,0.24691358024691365
Botswana,420100,0.781,3.3,0.06,2.4314150943396227,2023,3.360151413690254e-08,Botswana,0.3174603174603175
Brazil,420100,1650.568,3.5,0.06,5449.988679245283,2023,7.531740346514428e-05,Brazil,0.3125
Bulgaria,420100,39.056,3.5,0.06,128.95849056603774,2023,1.7821722641749236e-06,Bulgaria,0.3081664098613251
Cambodia,420100,47688.694,2.7,0.075,119776.25469767445,2023,0.0016552761907494265,Cambodia,0.40899795501022496
Cameroon,420100,0.626,2.1,0.075,1.2228837209302326,2023,1.6899929893618402e-08,Cameroon,0.48309178743961356
Canada,420100,8291.405,4.1,0.05,32375.962380952376,2023,0.0004474272452169946,Canada,0.24660912453760792
Sri Lanka,420100,22.713,3.3,0.06,70.71028301886793,2023,9.771974271337614e-07,Sri Lanka,0.3527336860670194
Chile,420100,11.655,3.2,0.06,35.18490566037735,2023,4.862460991153211e-07,Chile,0.33444816053511706
Colombia,420100,1270.042,3.2,0.06,3834.0890566037733,2023,5.298609765874052e-05,Colombia,0.33444816053511706
Costa Rica,420100,4.262,3.2,0.06,12.86641509433962,2023,1.778104568365078e-07,Costa Rica,0.34305317324185247
Denmark,420100,5013.624,4.1,0.05,19577.007999999998,2023,0.000270549077613964,Denmark,0.24660912453760792
El Salvador,420100,370.18,3.2,0.06,1117.5245283018867,2023,1.5443893691163415e-05,El Salvador,0.3676470588235294
Estonia,420100,9.271,4.1,0.05,36.201047619047614,2023,5.002889124830781e-07,Estonia,0.2728512960436562
Finland,420100,72.514,4.3,0.05,296.9620952380952,2023,4.103937688178744e-06,Finland,0.23923444976076558
Germany,420100,26037.838,4.1,0.05,101671.5579047619,2023,0.0014050740649801064,Germany,0.24570024570024568
Ghana,420100,4.656,2.7,0.075,11.694139534883721,2023,1.6160991836197754e-07,Ghana,0.3992015968063872
Greece,420100,20.066,3.9,0.06,73.8277358490566,2023,1.0202798015043794e-06,Greece,0.2677376171352075
Guatemala,420100,443.168,2.6,0.075,1071.8481860465117,2023,1.4812658710518189e-05,Guatemala,0.3868471953578337
Hong Kong,420100,105.874,4.1,0.05,413.4127619047618,2023,5.713255131079e-06,Hong Kong,0.24844720496894407
Hungary,420100,1431.595,3.6,0.06,4862.020754716981,2023,6.719184211032802e-05,Hungary,0.30721966205837176
Indonesia,420100,1058.217,3.3,0.06,3294.449150943396,2023,4.5528416754687064e-05,Indonesia,0.3316749585406302
Israel,420100,456.457,3.8,0.06,1636.3552830188678,2023,2.2613997627701422e-05,Israel,0.2728512960436562
Italy,420100,5805.754,3.9,0.06,21360.79301886792,2023,0.00029520051523488765,Italy,0.2688172043010753
Japan,420100,513.162,4.0,0.05,1954.902857142857,2023,2.701624093042731e-05,Japan,0.25477707006369427
Kuwait,420100,1.356,2.8,0.075,3.531906976744186,2023,4.881002116239948e-08,Kuwait,0.3194888178913738
Latvia,420100,1.931,4.0,0.05,7.356190476190476,2023,1.0166060861220265e-07,Latvia,0.2805049088359046
Lithuania,420100,23.998,3.6,0.06,81.50264150943397,2023,1.1263449697460887e-06,Lithuania,0.29239766081871343
Malaysia,420100,65.614,3.7,0.06,229.03000000000003,2023,3.16513408207864e-06,Malaysia,0.27586206896551724
Mexico,420100,24863.844,3.5,0.06,82097.59811320754,2023,0.0011345671128014155,Mexico,0.3327787021630616
Mongolia,420100,2.514,2.7,0.075,6.314232558139535,2023,8.726102550730488e-08,Mongolia,0.40404040404040403
Netherlands,420100,1097.935,4.0,0.05,4182.609523809523,2023,5.7802558423945465e-05,Netherlands,0.24813895781637715
New Zealand,420100,39.804,3.8,0.06,142.69358490566037,2023,1.971987638645102e-06,New Zealand,0.27510316368638243
Nicaragua,420100,8.361,2.9,0.075,22.55525581395349,2023,3.1170767544315844e-07,Nicaragua,0.39840637450199207
Paraguay,420100,988.325,3.0,0.06,2797.1462264150946,2023,3.865582174293355e-05,Paraguay,0.37037037037037035
Peru,420100,439.692,3.4,0.06,1410.3328301886793,2023,1.9490427052807994e-05,Peru,0.333889816360601
Philippines,420100,466.819,3.9,0.06,1717.541603773585,2023,2.3735971128200586e-05,Philippines,0.3003003003003003
Poland,420100,993.962,3.9,0.06,3657.0299999999997,2023,5.053918828181481e-05,Poland,0.2766251728907331
Portugal,420100,160.329,3.6,0.06,544.5135849056604,2023,7.525033863422813e-06,Portugal,0.2936857562408223
Romania,420100,147.619,3.6,0.06,501.3475471698113,2023,6.928490627925155e-06,Romania,0.3058103975535168
Saudi Arabia,420100,7.056,3.6,0.06,23.96377358490566,2023,3.311730188569215e-07,Saudi Arabia,0.2936857562408223
India,420100,57976.881,3.6,0.06,196902.61471698113,2023,0.002721142106672122,India,0.2949852507374632
Singapore,420100,0.605,4.3,0.05,2.477619047619047,2023,3.4240040562486423e-08,Singapore,0.2317497103128621
South Africa,420100,32.112,3.8,0.06,115.11849056603772,2023,1.5909071211981589e-06,South Africa,0.2728512960436562
Spain,420100,1637.13,4.2,0.05,6548.52,2023,9.049881604669089e-05,Spain,0.2554278416347382
Sweden,420100,44.666,4.2,0.05,178.664,2023,2.4690892705780814e-06,Sweden,0.24783147459727384
Thailand,420100,381.834,3.5,0.06,1260.772641509434,2023,1.7423544764414374e-05,Thailand,0.28449502133712656
Ukraine,420100,689.92,3.1,0.06,2017.6905660377356,2023,2.788395047659511e-05,Ukraine,0.37105751391465674
Argentina,230910,3632.292,3.1,0.06,10021.453542185829,2024,0.0001384938399263855,Argentina,0.35149384885764495
Australia,230910,990.847,3.6,0.06,3174.661089355642,2024,4.3872977395836543e-05,Australia,0.26773761713520755
Austria,230910,8187.294,4.3,0.05,31932.303129251697,2024,0.0004412959915891409,Austria,0.24906600249066
Bangladesh,230910,42.595,3.0,0.06,113.72819508721963,2024,1.5716936050467072e-06,Bangladesh,0.3853564547206165
Belgium,230910,326.549,4.2,0.05,1243.9961904761903,2024,1.719169864407362e-05,Belgium,0.24691358024691365
Brazil,230910,23032.021,3.5,0.06,71744.45843716623,2024,0.0009914894581484926,Brazil,0.3125
Cambodia,230910,92717.986,2.7,0.075,216626.12196863172,2024,0.0029937157652335524,Cambodia,0.40899795501022496
Canada,230910,448508.06,4.1,0.05,1667921.13015873,2024,0.023050229294347985,Canada,0.24660912453760792
Chile,230910,59.974,3.2,0.06,170.80526877892487,2024,2.36048368166082e-06,Chile,0.33444816053511706
Colombia,230910,13288.966,3.2,0.06,37846.82378070487,2024,0.0005230331041642289,Colombia,0.33444816053511706
Costa Rica,230910,9838.323,3.2,0.06,28019.431826272692,2024,0.0003872211441025832,Costa Rica,0.34305317324185247
Denmark,230910,223.376,4.1,0.05,830.6953287981859,2024,1.1479989944560362e-05,Denmark,0.24660912453760792
Germany,230910,61544.803,4.1,0.05,228874.097324263,2024,0.00316297954829502,Germany,0.24570024570024568
Guatemala,230910,37.286,2.6,0.075,83.88845862628449,2024,1.1593163318827092e-06,Guatemala,0.3868471953578337
Honduras,230910,1250.063,3.2,0.06,3560.1651833392666,2024,4.9200542110714144e-05,Honduras,0.34843205574912883
Iceland,230910,809.183,3.6,0.06,2592.611961552154,2024,3.582921224779932e-05,Iceland,0.2801120448179272
Israel,230910,62.226,3.8,0.06,210.44749021003912,2024,2.908328706945403e-06,Israel,0.2728512960436562
Italy,230910,11275.991,3.9,0.06,39138.80820576717,2024,0.0005408879875300738,Italy,0.2688172043010753
Japan,230910,497.592,4.0,0.05,1805.3224489795916,2024,2.494907921410724e-05,Japan,0.25477707006369427
Latvia,230910,15.0,4.0,0.05,54.42176870748299,2024,7.52094463358753e-07,Latvia,0.2805049088359046
Lithuania,230910,316.648,3.6,0.06,1014.5361338554645,2024,1.4020621293132897e-05,Lithuania,0.29239766081871343
Mexico,230910,101095.333,3.5,0.06,314910.70265218936,2024,0.004351982699977194,Mexico,0.3327787021630616
Mongolia,230910,40.488,2.7,0.075,94.59608436992971,2024,1.3072928903220146e-06,Mongolia,0.40404040404040403
Netherlands,230910,20796.251,4.0,0.05,75451.25079365079,2024,0.0010427163490479288,Netherlands,0.24813895781637715
New Zealand,230910,77019.862,3.8,0.06,260480.13136347447,2024,0.003599766587271773,New Zealand,0.27510316368638243
Paraguay,230910,5340.792,3.0,0.06,14259.857600569596,2024,0.0001970674640752345,Paraguay,0.37037037037037035
Peru,230910,1691.219,3.4,0.06,5117.608223567105,2024,7.07239933944818e-05,Peru,0.333889816360601
Poland,230910,23421.796,3.9,0.06,81296.72872908507,2024,0.0011234993095311917,Poland,0.2766251728907331
Portugal,230910,28.875,3.6,0.06,92.51512993948023,2024,1.278534649955826e-06,Portugal,0.2936857562408223
Romania,230910,6611.141,3.6,0.06,21182.011035955853,2024,0.00029272979547164015,Romania,0.3058103975535168
India,230910,4626.624,3.6,0.06,14823.64400142399,2024,0.0002048588431625012,India,0.2949852507374632
South Africa,230910,1372.4,3.8,0.06,4641.438234247063,2024,6.414344996322873e-05,South Africa,0.2728512960436562
Spain,230910,14530.771,4.2,0.05,55355.3180952381,2024,0.0007649958692203752,Spain,0.2554278416347382
Sweden,230910,4.821,4.2,0.05,18.365714285714287,2024,2.538093185496784e-07,Sweden,0.24783147459727384
Thailand,230910,845231.147,3.5,0.06,2632884.491367034,2024,0.036385767968397514,Thailand,0.28449502133712656
Ukraine,230910,306.972,3.1,0.06,846.9323602705588,2024,1.1704381429103832e-05,Ukraine,0.37105751391465674
Afghanistan,392690,4.872,2.3,0.075,9.696571119524068,2024,1.3400405069076128e-07,Afghanistan,0.5115089514066496
Albania,392690,54.579,2.5,0.075,118.07247160627367,2024,1.6317303586267267e-06,Albania,0.4
Algeria,392690,14.613,2.6,0.075,32.8772742022715,2024,4.5435524212310327e-07,Algeria,0.40567951318458423
Argentina,392690,961.091,3.1,0.06,2651.63946244215,2024,3.6644956712921155e-05,Argentina,0.35149384885764495
Australia,392690,25823.243,3.6,0.06,82737.33962264149,2024,0.001143408171419194,Australia,0.26773761713520755
Austria,392690,86665.125,4.3,0.05,338013.6394557823,2024,0.004671259181980254,Austria,0.24906600249066
Bahrain,392690,9.272,4.1,0.05,34.48090702947846,2024,4.7651702405792783e-07,Bahrain,0.28328611898017
Bangladesh,392690,2047.242,3.0,0.06,5466.114275542896,2024,7.554025494501773e-05,Bangladesh,0.3853564547206165
Armenia,392690,2.235,2.7,0.075,5.221849648458627,2024,7.216458234216811e-08,Armenia,0.3992015968063872
Belgium,392690,40670.083,4.2,0.05,154933.64952380952,2024,0.0021411420974048662,Belgium,0.24691358024691365
Bhutan,392690,1.91,2.6,0.075,4.29724175229854,2024,5.9386745531727046e-08,Bhutan,0.40567951318458423
Bolivia,392690,2.749,2.4,0.075,5.709118442401299,2024,7.889850832060458e-08,Bolivia,0.41928721174004197
Brazil,392690,17571.734,3.5,0.06,54735.73246707013,2024,0.0007564333595557874,Brazil,0.3125
Bulgaria,392690,1435.143,3.5,0.06,4470.452563189747,2024,6.17804731697493e-05,Bulgaria,0.3081664098613251
Belarus,392690,174.334,3.1,0.06,480.98558205767176,2024,6.647093650435179e-06,Belarus,0.36496350364963503
Cambodia,392690,18406.855,2.7,0.075,43005.74018388319,2024,0.0005943279656858384,Cambodia,0.40899795501022496
Cameroon,392690,120.403,2.1,0.075,218.79614926987563,2024,3.0237049691378805e-06,Cameroon,0.48309178743961356
Canada,392690,806018.401,4.1,0.05,2997438.044535147,2024,0.0414238017450873,Canada,0.24660912453760792
Sri Lanka,392690,945.829,3.3,0.06,2777.8886614453536,2024,3.8389687283589484e-05,Sri Lanka,0.3527336860670194
Chile,392690,828.212,3.2,0.06,2358.7383410466355,2024,3.259714061019227e-05,Chile,0.33444816053511706
Colombia,392690,32365.44,3.2,0.06,92176.40441438233,2024,0.0012738535527023773,Colombia,0.33444816053511706
Costa Rica,392690,65448.515,3.2,0.06,186396.62513349947,2024,0.002575952106686788,Costa Rica,0.34305317324185247
Croatia,392690,1357.955,3.2,0.06,3867.4403702385184,2024,5.344700400056222e-05,Croatia,0.3067484662576687
Cuba,392690,5.731,2.6,0.075,12.8939751216874,2024,1.7819132913210875e-07,Cuba,0.437636761487965
Cyprus,392690,547.648,3.5,0.06,1705.9166963332145,2024,2.3575317979091185e-05,Cyprus,0.3139717425431712
Denmark,392690,54736.859,4.1,0.05,203556.5731519274,2024,0.002813098054029163,Denmark,0.24660912453760792
El Salvador,392690,1966.131,3.2,0.06,5599.51868992524,2024,7.738386870156186e-05,El Salvador,0.3676470588235294
Estonia,392690,3629.714,4.1,0.05,13498.256145124715,2024,0.00018654233320334308,Estonia,0.2728512960436562
Fiji,392690,0.454,2.3,0.075,0.903580313683072,2024,1.2487241176848444e-08,Fiji,0.44052863436123346
Finland,392690,26349.433,4.3,0.05,102768.76362811791,2024,0.0014202371581558734,Finland,0.23923444976076558
Djibouti,392690,1.429,3.6,0.06,4.578497686009255,2024,6.327362821772728e-08,Djibouti,0.3527336860670194
Georgia,392690,985.541,3.1,0.06,2719.0967426130296,2024,3.757719850025547e-05,Georgia,0.36697247706422015
Germany,392690,509130.023,4.1,0.05,1893363.350839002,2024,0.02616578121424766,Germany,0.24570024570024568
Ghana,392690,27.51,2.7,0.075,64.27431043807465,2024,8.882539866814519e-07,Ghana,0.3992015968063872
Greece,392690,1172.738,3.9,0.06,4070.5573157707367,2024,5.6254026517052355e-05,Greece,0.2677376171352075
Grenada,392690,2.266,3.1,0.06,6.251868992524029,2024,8.639917750918418e-08,Grenada,0.38387715930902105
Guatemala,392690,1904.876,2.6,0.075,4285.713445105463,2024,5.922742737250999e-05,Guatemala,0.3868471953578337
Guinea,392690,21.051,2.5,0.075,45.54029204975663,2024,6.293548027529128e-07,Guinea,0.40241448692152915
Guyana,392690,10.746,2.6,0.075,24.177047052460793,2024,3.3412040182405173e-07,Guyana,0.41841004184100417
Honduras,392690,17121.484,3.2,0.06,48761.791384834454,2024,0.0006738750723282893,Honduras,0.34843205574912883
Hong Kong,392690,8734.396,4.1,0.05,32481.654058956916,2024,0.000448887876279494,Hong Kong,0.24844720496894407
Hungary,392690,31483.956,3.6,0.06,100874.19152723387,2024,0.0013940546723353981,Hungary,0.30721966205837176
Iceland,392690,138.693,3.6,0.06,444.37059451762195,2024,6.14108419762159e-06,Iceland,0.2801120448179272
Indonesia,392690,15859.355,3.3,0.06,46578.73932004271,2024,0.0006437058696333389,Indonesia,0.3316749585406302
Iraq,392690,1.025,3.0,0.06,2.736739053043787,2024,3.782101056867883e-08,Iraq,0.4065040650406504
Israel,392690,261151.611,3.8,0.06,883211.2155571376,2024,0.012205745622992622,Israel,0.2728512960436562
Italy,392690,184607.562,3.9,0.06,640770.2846208614,2024,0.00885527601902248,Italy,0.2688172043010753
Jamaica,392690,11.275,2.9,0.075,28.29421308815576,2024,3.9101854853476535e-07,Jamaica,0.38910505836575876
Japan,392690,388401.955,4.0,0.05,1409168.090702948,2024,0.01947433066088104,Japan,0.25477707006369427
Kazakhstan,392690,0.938,2.9,0.075,2.3538777717685235,2024,3.252996882710509e-08,Kazakhstan,0.36968576709796674
Latvia,392690,238.665,4.0,0.05,865.9047619047618,2024,1.1966575006501118e-05,Latvia,0.2805049088359046
Liberia,392690,7.726,2.3,0.075,15.376787452677124,2024,2.1250313949852662e-07,Liberia,0.4184100418410042
Lithuania,392690,684.536,3.6,0.06,2193.2445710217157,2024,3.031006043782377e-05,Lithuania,0.29239766081871343
Madagascar,392690,75.472,2.6,0.075,169.80179556517035,2024,2.346615947000263e-06,Madagascar,0.4434589800443459
Malaysia,392690,60577.411,3.7,0.06,199480.61650053397,2024,0.0027567694101205027,Malaysia,0.27586206896551724
Mali,392690,3.606,3.1,0.06,9.94891420434318,2024,1.3749136544488883e-07,Mali,0.3795066413662239
Malta,392690,6718.938,3.2,0.06,19135.458882164472,2024,0.0002644469854785539,Malta,0.29985007496251875
Mauritania,392690,1.44,2.8,0.075,3.489021092482423,2024,4.821734957388712e-08,Mauritania,0.4175365344467641
Mauritius,392690,10.781,3.1,0.06,29.744660021359913,2024,4.110633418916658e-07,Mauritius,0.3838771593090211
Mexico,392690,1795464.053,3.5,0.06,5592848.153702385,2024,0.07729168365355635,Mexico,0.3327787021630616
Mongolia,392690,806.834,2.7,0.075,1885.085386695511,2024,2.605138193711895e-05,Mongolia,0.40404040404040403
Montenegro,392690,31.61,3.2,0.06,90.02491990032038,2024,1.2441206052172362e-06,Montenegro,0.34662045060658575
Oman,392690,0.843,3.1,0.06,2.3258276966892133,2024,3.214232420134257e-08,Oman,0.3048780487804878
Namibia,392690,11.48,2.9,0.075,28.808653326122233,2024,3.9812797668994295e-07,Namibia,0.3484320557491289
Netherlands,392690,73040.749,4.0,0.05,265000.44988662127,2024,0.0036622361948317576,Netherlands,0.24813895781637715
New Zealand,392690,6841.317,3.8,0.06,23137.241545033816,2024,0.00031975056446523323,New Zealand,0.27510316368638243
Nicaragua,392690,29.206,2.9,0.075,73.29142239048134,2024,1.012868091220076e-06,Nicaragua,0.39840637450199207
Nigeria,392690,198.256,3.1,0.06,546.9861160555357,2024,7.559203590582885e-06,Nigeria,0.38167938931297707
Panama,392690,5616.665,3.4,0.06,16995.960306158773,2024,0.00023487968049023638,Panama,0.3179650238473768
Paraguay,392690,7.19,3.0,0.06,19.197223211107154,2024,2.653005521841959e-07,Paraguay,0.37037037037037035
Peru,392690,148.274,3.4,0.06,448.67532929868275,2024,6.200574494830885e-06,Peru,0.333889816360601
Philippines,392690,20967.828,3.9,0.06,72779.0398718405,2024,0.0010057871002022555,Philippines,0.3003003003003003
Poland,392690,68318.551,3.9,0.06,237132.74199003205,2024,0.003277111835346509,Poland,0.2766251728907331
Portugal,392690,5638.066,3.6,0.06,18064.29120683517,2024,0.0002496437312463322,Portugal,0.2936857562408223
Qatar,392690,250.225,3.5,0.06,779.4477572089711,2024,1.0771762046639615e-05,Qatar,0.2857142857142857
Romania,392690,4501.062,3.6,0.06,14421.344962620149,2024,0.0001992991767480336,Romania,0.3058103975535168
Saudi Arabia,392690,395.011,3.6,0.06,1265.6101815592735,2024,1.7490398289651972e-05,Saudi Arabia,0.2936857562408223
India,392690,83484.239,3.6,0.06,267482.4318262727,2024,0.0036965365294092997,India,0.2949852507374632
Singapore,392690,26349.405,4.3,0.05,102768.65442176869,2024,0.0014202356489529833,Singapore,0.2317497103128621
Slovenia,392690,8161.767,3.3,0.06,23971.013794944818,2024,0.00033127307664654006,Slovenia,0.3003003003003003
South Africa,392690,18693.522,3.8,0.06,63221.23851904592,2024,0.0008737008110197578,South Africa,0.2728512960436562
Spain,392690,85126.54,4.2,0.05,324291.58095238096,2024,0.00448162395932212,Spain,0.2554278416347382
Sweden,392690,45531.45,4.2,0.05,173453.14285714284,2024,0.0023970766017587125,Sweden,0.24783147459727384
Thailand,392690,170124.768,3.5,0.06,529936.5325738697,2024,0.007323582851976301,Thailand,0.28449502133712656
Ukraine,392690,1502.331,3.1,0.06,4144.914649341402,2024,5.7281625219130695e-05,Ukraine,0.37105751391465674
Egypt,392690,2914.783,3.6,0.06,9338.927376290494,2024,0.00012906150866154778,Egypt,0.3205128205128205
Uruguay,392690,53.369,3.2,0.06,151.9943040227839,2024,2.1005211192609515e-06,Uruguay,0.3327787021630616
Uzbekistan,392690,42.408,2.8,0.075,102.75167117360735,2024,1.4200009449509753e-06,Uzbekistan,0.3861003861003861
Albania,420100,0.982,2.5,0.075,2.124391563007031,2024,2.9358530060489304e-08,Albania,0.4
Argentina,420100,601.134,3.1,0.06,1658.5220719117121,2024,2.292033679294171e-05,Argentina,0.35149384885764495
Australia,420100,426.834,3.6,0.06,1367.5706657173369,2024,1.889946523910805e-05,Australia,0.26773761713520755
Austria,420100,28.727,4.3,0.05,112.04181405895692,2024,1.5483882648383276e-06,Austria,0.24906600249066
Bahrain,420100,1.672,4.1,0.05,6.217868480725622,2024,8.592929942028204e-08,Bahrain,0.28328611898017
Bangladesh,420100,151.886,3.0,0.06,405.5339978640085,2024,5.604372693887174e-06,Bangladesh,0.3853564547206165
Belgium,420100,484.32,4.2,0.05,1845.0285714285715,2024,2.549780733457379e-05,Belgium,0.24691358024691365
Brazil,420100,2425.006,3.5,0.06,7553.8634745460995,2024,0.00010439239721719788,Brazil,0.3125
Bulgaria,420100,21.149,3.5,0.06,65.87887148451405,2024,9.104285963608e-07,Bulgaria,0.3081664098613251
Belarus,420100,45.384,3.1,0.06,125.21395514417942,2024,1.7304237740850904e-06,Belarus,0.36496350364963503
Cambodia,420100,75491.896,2.7,0.075,176379.11883180097,2024,0.0024375128165809354,Cambodia,0.40899795501022496
Canada,420100,7476.478,4.1,0.05,27803.68235827664,2024,0.0003842395434636074,Canada,0.24660912453760792
Sri Lanka,420100,16.989,3.3,0.06,49.89649341402634,2024,6.895563545428421e-07,Sri Lanka,0.3527336860670194
Chile,420100,9.52,3.2,0.06,27.112851548593802,2024,3.746924442160104e-07,Chile,0.33444816053511706
Colombia,420100,1413.815,3.2,0.06,4026.5290138839446,2024,5.564556701882971e-05,Colombia,0.33444816053511706
Costa Rica,420100,36.9,3.2,0.06,105.09077963688144,2024,1.452326805837267e-06,Costa Rica,0.34305317324185247
Croatia,420100,5.002,3.2,0.06,14.245639017443928,2024,1.968709670134962e-07,Croatia,0.3067484662576687
Denmark,420100,4030.588,4.1,0.05,14989.034739229022,2024,0.00020714449945681565,Denmark,0.24660912453760792
El Salvador,420100,280.42,3.2,0.06,798.6329654681381,2024,1.1036896555362778e-05,El Salvador,0.3676470588235294
Estonia,420100,8.555,4.1,0.05,31.814512471655327,2024,4.396681558256657e-07,Estonia,0.2728512960436562
Finland,420100,96.916,4.3,0.05,377.9943764172335,2024,5.223782402446178e-06,Finland,0.23923444976076558
Georgia,420100,4.902,3.1,0.06,13.524563901744392,2024,1.8690589944837636e-07,Georgia,0.36697247706422015
Germany,420100,21979.301,4.1,0.05,81737.08308390022,2024,0.0011295848903573593,Germany,0.24570024570024568
Greece,420100,24.271,3.9,0.06,84.24430402278391,2024,1.1642340212352442e-06,Greece,0.2677376171352075
Guatemala,420100,171.557,2.6,0.075,385.9800540832883,2024,5.334142357689264e-06,Guatemala,0.3868471953578337
Guinea,420100,5.93,2.5,0.075,12.828555976203354,2024,1.7728725382759834e-07,Guinea,0.40241448692152915
Hong Kong,420100,256.761,4.1,0.05,954.8481632653061,2024,1.3195749311274547e-05,Hong Kong,0.24844720496894407
Hungary,420100,1340.263,3.6,0.06,4294.185475258098,2024,5.9344508590605895e-05,Hungary,0.30721966205837176
Iceland,420100,3.408,3.6,0.06,10.919188323246706,2024,1.509002973869941e-07,Iceland,0.2801120448179272
Indonesia,420100,1463.589,3.3,0.06,4298.543698825204,2024,5.940473808870467e-05,Indonesia,0.3316749585406302
Israel,420100,555.103,3.8,0.06,1877.350836596653,2024,2.5944492498497633e-05,Israel,0.2728512960436562
Italy,420100,5414.01,3.9,0.06,18791.953542185827,2024,0.00025969983244645146,Italy,0.2688172043010753
Japan,420100,868.3,4.0,0.05,3150.294784580499,2024,4.3536241502293686e-05,Japan,0.25477707006369427
Latvia,420100,2.682,4.0,0.05,9.730612244897959,2024,1.3447449004854504e-07,Latvia,0.2805049088359046
Lithuania,420100,25.867,3.6,0.06,82.87753648985404,2024,1.1453456550790426e-06,Lithuania,0.29239766081871343
Malaysia,420100,31.43,3.7,0.06,103.49857600569597,2024,1.430322972371457e-06,Malaysia,0.27586206896551724
Mexico,420100,25258.715,3.5,0.06,78680.58250266997,2024,0.0010873448599615814,Mexico,0.3327787021630616
Netherlands,420100,925.697,4.0,0.05,3358.5378684807256,2024,4.641410589652051e-05,Netherlands,0.24813895781637715
New Zealand,420100,11.786,3.8,0.06,39.860092559629756,2024,5.508559467113187e-07,New Zealand,0.27510316368638243
Nicaragua,420100,82.86,2.9,0.075,207.93423472147106,2024,2.873596180185424e-06,Nicaragua,0.39840637450199207
Paraguay,420100,782.869,3.0,0.06,2090.2518689925237,2024,2.888672851013759e-05,Paraguay,0.37037037037037035
Peru,420100,225.854,3.4,0.06,683.4314702741189,2024,9.444842332138708e-06,Peru,0.333889816360601
Philippines,420100,520.654,3.9,0.06,1807.1828052687788,2024,2.4974788846451107e-05,Philippines,0.3003003003003003
Poland,420100,981.351,3.9,0.06,3406.2556959772155,2024,4.707355366376449e-05,Poland,0.2766251728907331
Portugal,420100,341.3,3.6,0.06,1093.5208259166961,2024,1.5112168866837174e-05,Portugal,0.2936857562408223
Romania,420100,92.905,3.6,0.06,297.66642933428267,2024,4.113671399277785e-06,Romania,0.3058103975535168
Saudi Arabia,420100,10.521,3.6,0.06,33.709149163403346,2024,4.658515342748137e-07,Saudi Arabia,0.2936857562408223
India,420100,56701.501,3.6,0.06,181670.8825204699,2024,0.002510643592485019,India,0.2949852507374632
Singapore,420100,0.84,4.3,0.05,3.2761904761904757,2024,4.5276086694196925e-08,Singapore,0.2317497103128621
South Africa,420100,48.697,3.8,0.06,164.69259522961906,2024,2.276008148396495e-06,South Africa,0.2728512960436562
Spain,420100,1829.943,4.2,0.05,6971.211428571429,2024,9.634029989934746e-05,Spain,0.2554278416347382
Sweden,420100,30.271,4.2,0.05,115.31809523809524,2024,1.593665605023297e-06,Sweden,0.24783147459727384
Thailand,420100,618.294,3.5,0.06,1925.9781060875753,2024,2.6616508513797555e-05,Thailand,0.28449502133712656
Ukraine,420100,748.514,3.1,0.06,2065.141865432538,2024,2.8539714895900035e-05,Ukraine,0.37105751391465674
Egypt,420100,105.019,3.6,0.06,336.47953008187966,2024,4.650058195799512e-06,Egypt,0.3205128205128205
